,power_residuals_under,power_residuals_over,power_undersupply,sourceout_residuals_under,sourceout_residuals_over,sourceout_undersupply,enrichmentout_residuals_under,enrichmentout_residuals_over,enrichmentout_undersupply,mixerout_residuals_under,mixerout_residuals_over,mixerout_undersupply,lwrpu_residuals_under,lwrpu_residuals_over,lwrpu_undersupply,frpu_residuals_under,frpu_residuals_over,frpu_undersupply
arma,61332.4000000005,1240151.29999987,5,0,1426045947356.13,0,0,143029941391.354,0,0,1386544873.87056,0,1379766198.03981,20883.3537454278,1,423919970.587927,9127.2089451608,1
exp_smoothing,70987.0200000045,1473477.05999987,21,0,2864045914955.58,0,0,143029941391.354,0,0,1343993962.99445,0,1379766198.03981,20883.3537454278,1,423884981.518169,9127.2089451608,1
fft,120333.22,1751829.03999988,3,0,1425046990259.3,0,16126182,142929941391.354,1,0,1344046270.00511,0,1378766294.37684,20883.3537454278,1,423830976.649629,6845.3130913884,1
ma,60000,1481823.75999987,1,0,1426045898292.41,0,0,143029941391.354,0,0,1364339125.12722,0,1379766198.03981,20883.3537454278,1,423878896.462558,8366.5769939033,1
poly,60333.2200000001,1783496.33999985,2,0,1426045839045.67,0,0,143029941391.354,0,0,1235267302.00292,0,1379766198.03981,20883.3537454278,1,423827934.121823,7605.9450426459,1
,,,,,,,,,,,,,,,,,,
arma,1332.4000000005,,4,,,,,,,,,,,,,,,
exp_smoothing,10987.0200000045,,20,,,,,,,,,,,,,,,
fft,60333.2200000001,,2,,,,,,,,,,,,,,,
ma,0,,0,,,,,,,,,,,,,,,
poly,333.2200000001,,1,,,,,,,,,,,,,,,
